X4,<__Null#9223372036854799712>,<__Null#9223372036854799710>,<__Null#9223372036854799709>
X3,X4,<__Null#9223372036854832181>,<__Null#9223372036854832188>
X3,<__Null#9223372036854799721>,<__Null#9223372036854799719>,<__Null#9223372036854799718>
X2,<__Null#9223372036854799620>,<__Null#9223372036854799617>,<__Null#9223372036854799618>
X2,<__Null#9223372036854805220>,<__Null#9223372036854805222>,<__Null#9223372036854805215>
X2,<__Null#9223372036854833003>,<__Null#9223372036854833010>,<__Null#9223372036854833008>
X0,X1,<__Null#9223372036854806462>,X6
X0,<__Null#9223372036854805648>,X5,X6
<__Null#9223372036854776070>,<__Null#9223372036854776068>,<__Null#9223372036854776067>,<__Null#9223372036854776072>
<__Null#9223372036854780381>,<__Null#9223372036854799730>,<__Null#9223372036854799728>,<__Null#9223372036854799727>
<__Null#9223372036854781707>,<__Null#9223372036854799739>,<__Null#9223372036854799737>,<__Null#9223372036854799736>
<__Null#9223372036854783384>,<__Null#9223372036854799748>,<__Null#9223372036854799746>,<__Null#9223372036854799745>
<__Null#9223372036854784617>,<__Null#9223372036854784615>,<__Null#9223372036854784622>,<__Null#9223372036854784614>
<__Null#9223372036854787564>,<__Null#9223372036854787568>,<__Null#9223372036854787573>,<__Null#9223372036854787572>
<__Null#9223372036854788698>,<__Null#9223372036854788706>,X7,<__Null#9223372036854788699>
<__Null#9223372036854792624>,<__Null#9223372036854799757>,<__Null#9223372036854799755>,<__Null#9223372036854799754>
<__Null#9223372036854798556>,<__Null#9223372036854799766>,<__Null#9223372036854799764>,<__Null#9223372036854799763>
<__Null#9223372036854798565>,<__Null#9223372036854799775>,<__Null#9223372036854799773>,<__Null#9223372036854799772>
<__Null#9223372036854798574>,<__Null#9223372036854799784>,<__Null#9223372036854799782>,<__Null#9223372036854799781>
<__Null#9223372036854798583>,<__Null#9223372036854799793>,<__Null#9223372036854799791>,<__Null#9223372036854799790>
<__Null#9223372036854798592>,<__Null#9223372036854799802>,<__Null#9223372036854799800>,<__Null#9223372036854799799>
<__Null#9223372036854798601>,<__Null#9223372036854799811>,<__Null#9223372036854799809>,<__Null#9223372036854799808>
<__Null#9223372036854798610>,<__Null#9223372036854799820>,<__Null#9223372036854799818>,<__Null#9223372036854799817>
<__Null#9223372036854798619>,<__Null#9223372036854799829>,<__Null#9223372036854799827>,<__Null#9223372036854799826>
<__Null#9223372036854798628>,<__Null#9223372036854799838>,<__Null#9223372036854799836>,<__Null#9223372036854799835>
<__Null#9223372036854798637>,<__Null#9223372036854799847>,<__Null#9223372036854799845>,<__Null#9223372036854799844>
<__Null#9223372036854798646>,<__Null#9223372036854799856>,<__Null#9223372036854799854>,<__Null#9223372036854799853>
<__Null#9223372036854798655>,<__Null#9223372036854799865>,<__Null#9223372036854799863>,<__Null#9223372036854799862>
<__Null#9223372036854798664>,<__Null#9223372036854799874>,<__Null#9223372036854799872>,<__Null#9223372036854799871>
<__Null#9223372036854798673>,<__Null#9223372036854799883>,<__Null#9223372036854799881>,<__Null#9223372036854799880>
<__Null#9223372036854798682>,<__Null#9223372036854799892>,<__Null#9223372036854799890>,<__Null#9223372036854799889>
<__Null#9223372036854798691>,<__Null#9223372036854799901>,<__Null#9223372036854799899>,<__Null#9223372036854799898>
<__Null#9223372036854798700>,<__Null#9223372036854799910>,<__Null#9223372036854799908>,<__Null#9223372036854799907>
<__Null#9223372036854798709>,<__Null#9223372036854799919>,<__Null#9223372036854799917>,<__Null#9223372036854799916>
<__Null#9223372036854798718>,<__Null#9223372036854799928>,<__Null#9223372036854799926>,<__Null#9223372036854799925>
<__Null#9223372036854798727>,<__Null#9223372036854799937>,<__Null#9223372036854799935>,<__Null#9223372036854799934>
<__Null#9223372036854798736>,<__Null#9223372036854799946>,<__Null#9223372036854799944>,<__Null#9223372036854799943>
<__Null#9223372036854798745>,<__Null#9223372036854799955>,<__Null#9223372036854799953>,<__Null#9223372036854799952>
<__Null#9223372036854798754>,<__Null#9223372036854799964>,<__Null#9223372036854799962>,<__Null#9223372036854799961>
<__Null#9223372036854798763>,<__Null#9223372036854799973>,<__Null#9223372036854799971>,<__Null#9223372036854799970>
<__Null#9223372036854798772>,<__Null#9223372036854799982>,<__Null#9223372036854799980>,<__Null#9223372036854799979>
<__Null#9223372036854798781>,<__Null#9223372036854799991>,<__Null#9223372036854799989>,<__Null#9223372036854799988>
<__Null#9223372036854798790>,<__Null#9223372036854800000>,<__Null#9223372036854799998>,<__Null#9223372036854799997>
<__Null#9223372036854798799>,<__Null#9223372036854800009>,<__Null#9223372036854800007>,<__Null#9223372036854800006>
<__Null#9223372036854798808>,<__Null#9223372036854800018>,<__Null#9223372036854800016>,<__Null#9223372036854800015>
<__Null#9223372036854798817>,<__Null#9223372036854800027>,<__Null#9223372036854800025>,<__Null#9223372036854800024>
<__Null#9223372036854798826>,<__Null#9223372036854800036>,<__Null#9223372036854800034>,<__Null#9223372036854800033>
<__Null#9223372036854798835>,<__Null#9223372036854800045>,<__Null#9223372036854800043>,<__Null#9223372036854800042>
<__Null#9223372036854798844>,<__Null#9223372036854800054>,<__Null#9223372036854800052>,<__Null#9223372036854800051>
<__Null#9223372036854798853>,<__Null#9223372036854800063>,<__Null#9223372036854800061>,<__Null#9223372036854800060>
<__Null#9223372036854798862>,<__Null#9223372036854800072>,<__Null#9223372036854800070>,<__Null#9223372036854800069>
<__Null#9223372036854798871>,<__Null#9223372036854800081>,<__Null#9223372036854800079>,<__Null#9223372036854800078>
<__Null#9223372036854798880>,<__Null#9223372036854800090>,<__Null#9223372036854800088>,<__Null#9223372036854800087>
<__Null#9223372036854798889>,<__Null#9223372036854800099>,<__Null#9223372036854800097>,<__Null#9223372036854800096>
<__Null#9223372036854798898>,<__Null#9223372036854800108>,<__Null#9223372036854800106>,<__Null#9223372036854800105>
<__Null#9223372036854798907>,<__Null#9223372036854800117>,<__Null#9223372036854800115>,<__Null#9223372036854800114>
<__Null#9223372036854798916>,<__Null#9223372036854800126>,<__Null#9223372036854800124>,<__Null#9223372036854800123>
<__Null#9223372036854798925>,<__Null#9223372036854800135>,<__Null#9223372036854800133>,<__Null#9223372036854800132>
<__Null#9223372036854798934>,<__Null#9223372036854800144>,<__Null#9223372036854800142>,<__Null#9223372036854800141>
<__Null#9223372036854798943>,<__Null#9223372036854800153>,<__Null#9223372036854800151>,<__Null#9223372036854800150>
<__Null#9223372036854798952>,<__Null#9223372036854800162>,<__Null#9223372036854800160>,<__Null#9223372036854800159>
<__Null#9223372036854798961>,<__Null#9223372036854800171>,<__Null#9223372036854800169>,<__Null#9223372036854800168>
<__Null#9223372036854798970>,<__Null#9223372036854800180>,<__Null#9223372036854800178>,<__Null#9223372036854800177>
<__Null#9223372036854798979>,<__Null#9223372036854800189>,<__Null#9223372036854800187>,<__Null#9223372036854800186>
<__Null#9223372036854798988>,<__Null#9223372036854800198>,<__Null#9223372036854800196>,<__Null#9223372036854800195>
<__Null#9223372036854798997>,<__Null#9223372036854800207>,<__Null#9223372036854800205>,<__Null#9223372036854800204>
<__Null#9223372036854799006>,<__Null#9223372036854800216>,<__Null#9223372036854800214>,<__Null#9223372036854800213>
<__Null#9223372036854799015>,<__Null#9223372036854800225>,<__Null#9223372036854800223>,<__Null#9223372036854800222>
<__Null#9223372036854799024>,<__Null#9223372036854800234>,<__Null#9223372036854800232>,<__Null#9223372036854800231>
<__Null#9223372036854799033>,<__Null#9223372036854800243>,<__Null#9223372036854800241>,<__Null#9223372036854800240>
<__Null#9223372036854799042>,<__Null#9223372036854800252>,<__Null#9223372036854800250>,<__Null#9223372036854800249>
<__Null#9223372036854799051>,<__Null#9223372036854800261>,<__Null#9223372036854800259>,<__Null#9223372036854800258>
<__Null#9223372036854799060>,<__Null#9223372036854800270>,<__Null#9223372036854800268>,<__Null#9223372036854800267>
<__Null#9223372036854799069>,<__Null#9223372036854800279>,<__Null#9223372036854800277>,<__Null#9223372036854800276>
<__Null#9223372036854799078>,<__Null#9223372036854800288>,<__Null#9223372036854800286>,<__Null#9223372036854800285>
<__Null#9223372036854799087>,<__Null#9223372036854800297>,<__Null#9223372036854800295>,<__Null#9223372036854800294>
<__Null#9223372036854799096>,<__Null#9223372036854800306>,<__Null#9223372036854800304>,<__Null#9223372036854800303>
<__Null#9223372036854799105>,<__Null#9223372036854800315>,<__Null#9223372036854800313>,<__Null#9223372036854800312>
<__Null#9223372036854799114>,<__Null#9223372036854800324>,<__Null#9223372036854800322>,<__Null#9223372036854800321>
<__Null#9223372036854799123>,<__Null#9223372036854800333>,<__Null#9223372036854800331>,<__Null#9223372036854800330>
<__Null#9223372036854799132>,<__Null#9223372036854800342>,<__Null#9223372036854800340>,<__Null#9223372036854800339>
<__Null#9223372036854799498>,<__Null#9223372036854800351>,<__Null#9223372036854800349>,<__Null#9223372036854800348>
<__Null#9223372036854799507>,<__Null#9223372036854800360>,<__Null#9223372036854800358>,<__Null#9223372036854800357>
<__Null#9223372036854799516>,<__Null#9223372036854800369>,<__Null#9223372036854800367>,<__Null#9223372036854800366>
<__Null#9223372036854799525>,<__Null#9223372036854800378>,<__Null#9223372036854800376>,<__Null#9223372036854800375>
<__Null#9223372036854799534>,<__Null#9223372036854800387>,<__Null#9223372036854800385>,<__Null#9223372036854800384>
<__Null#9223372036854799543>,<__Null#9223372036854800396>,<__Null#9223372036854800394>,<__Null#9223372036854800393>
<__Null#9223372036854799552>,<__Null#9223372036854800405>,<__Null#9223372036854800403>,<__Null#9223372036854800402>
<__Null#9223372036854799561>,<__Null#9223372036854800414>,<__Null#9223372036854800412>,<__Null#9223372036854800411>
<__Null#9223372036854799570>,<__Null#9223372036854800423>,<__Null#9223372036854800421>,<__Null#9223372036854800420>
<__Null#9223372036854799579>,<__Null#9223372036854800432>,<__Null#9223372036854800430>,<__Null#9223372036854800429>
<__Null#9223372036854799588>,<__Null#9223372036854800441>,<__Null#9223372036854800439>,<__Null#9223372036854800438>
<__Null#9223372036854799597>,<__Null#9223372036854800450>,<__Null#9223372036854800448>,<__Null#9223372036854800447>
<__Null#9223372036854799606>,<__Null#9223372036854800459>,<__Null#9223372036854800457>,<__Null#9223372036854800456>
<__Null#9223372036854799617>,<__Null#9223372036854800468>,<__Null#9223372036854800466>,<__Null#9223372036854800465>
<__Null#9223372036854799632>,<__Null#9223372036854800477>,<__Null#9223372036854800475>,<__Null#9223372036854800474>
<__Null#9223372036854799648>,<__Null#9223372036854800486>,<__Null#9223372036854800484>,<__Null#9223372036854800483>
<__Null#9223372036854799649>,<__Null#9223372036854800495>,<__Null#9223372036854800493>,<__Null#9223372036854800492>
<__Null#9223372036854799660>,<__Null#9223372036854800504>,<__Null#9223372036854800502>,<__Null#9223372036854800501>
<__Null#9223372036854799676>,<__Null#9223372036854800513>,<__Null#9223372036854800511>,<__Null#9223372036854800510>
<__Null#9223372036854799697>,<__Null#9223372036854800522>,<__Null#9223372036854800520>,<__Null#9223372036854800519>
<__Null#9223372036854801431>,<__Null#9223372036854801423>,<__Null#9223372036854801429>,<__Null#9223372036854801424>
<__Null#9223372036854802661>,<__Null#9223372036854802660>,<__Null#9223372036854802662>,<__Null#9223372036854802665>
<__Null#9223372036854825438>,<__Null#9223372036854825433>,<__Null#9223372036854825440>,X6
<__Null#9223372036854830438>,X3,<__Null#9223372036854830434>,<__Null#9223372036854830432>
<__Null#9223372036854831305>,X2,X7,<__Null#9223372036854831308>
